{"cameraMode":{"drawMode":0,"name":"Shaded","section":"Shading Mode"},"sceneLighting":true,"audioPlay":false,"sceneViewState":{"showFog":true,"showMaterialUpdate":false,"showSkybox":true,"showFlares":true,"showImageEffects":true,"showParticleSystems":true},"in2DMode":false,"pivot":{"x":9.05094051361084,"y":-4.053250789642334,"z":5.661738395690918},"rotation":{"x":-0.233272522687912,"y":0.38248124718666079,"z":-0.10052832961082459,"w":-0.8884350061416626},"size":12.221139907836914,"orthographic":false}