{"cameraMode":{"drawMode":0,"name":"Shaded","section":"Shading Mode"},"sceneLighting":true,"audioPlay":false,"sceneViewState":{"showFog":true,"showMaterialUpdate":false,"showSkybox":true,"showFlares":true,"showImageEffects":true,"showParticleSystems":true},"in2DMode":false,"pivot":{"x":16.76380157470703,"y":-2.552186965942383,"z":5.995294570922852},"rotation":{"x":-0.3106163740158081,"y":-0.2727638781070709,"z":0.093412384390831,"w":-0.9058305621147156},"size":7.653239727020264,"orthographic":false}