{"cameraMode":{"drawMode":0,"name":"Shaded","section":"Shading Mode"},"sceneLighting":true,"audioPlay":false,"sceneViewState":{"showFog":false,"showMaterialUpdate":false,"showSkybox":true,"showFlares":false,"showImageEffects":false,"showParticleSystems":false},"in2DMode":false,"pivot":{"x":-40.69584655761719,"y":6.299800872802734,"z":6.744409561157227},"rotation":{"x":0.047562506049871448,"y":-0.9460598826408386,"z":0.27594950795173647,"w":0.16304081678390504},"size":10.0,"orthographic":false}