{"count":1,"gauges":{},"self":24.8049632,"total":26.0765021,"children":{"AgentResetIfDone":{"count":1275,"self":0.016954399999999998,"total":0.016954399999999998,"children":null},"AgentSendState":{"count":1275,"self":0.0299216,"total":0.0638294,"children":{"CollectObservations":{"count":1275,"self":0.0339078,"total":0.0339078,"children":null}}},"DecideAction":{"count":1275,"self":1.1648275,"total":1.1648275,"children":null},"AcademyStep":{"count":1275,"self":0.0099717,"total":0.0099717,"children":null},"AgentAct":{"count":1275,"self":0.0149579,"total":0.0149579,"children":null}}}