{"count":1,"gauges":{},"self":10.7344952,"total":11.2613799,"children":{"AgentResetIfDone":{"count":546,"self":0.0119198,"total":0.0119198,"children":null},"AgentSendState":{"count":546,"self":0.013959599999999999,"total":0.023908699999999998,"children":{"CollectObservations":{"count":546,"self":0.0099490999999999989,"total":0.0099490999999999989,"children":null}}},"DecideAction":{"count":546,"self":0.47708259999999997,"total":0.47708259999999997,"children":null},"AcademyStep":{"count":546,"self":0.0069990999999999994,"total":0.0069990999999999994,"children":null},"AgentAct":{"count":546,"self":0.0059773,"total":0.0059773,"children":null}}}