{"count":1,"gauges":{},"self":26.945555199999998,"total":28.454424099999997,"children":{"AgentResetIfDone":{"count":1393,"self":0.0189509,"total":0.0189509,"children":null},"AgentSendState":{"count":1393,"self":0.0438729,"total":0.082685,"children":{"CollectObservations":{"count":1393,"self":0.038812099999999995,"total":0.038812099999999995,"children":null}}},"DecideAction":{"count":1393,"self":1.3825186999999999,"total":1.3825186999999999,"children":null},"AcademyStep":{"count":1393,"self":0.0059984,"total":0.0059984,"children":null},"AgentAct":{"count":1393,"self":0.0177473,"total":0.0177473,"children":null}}}