{"count":1,"gauges":{},"self":27.202844799999998,"total":28.5268372,"children":{"AgentResetIfDone":{"count":1401,"self":0.0208041,"total":0.0208041,"children":null},"AgentSendState":{"count":1401,"self":0.038824399999999995,"total":0.0984446,"children":{"CollectObservations":{"count":1401,"self":0.0596202,"total":0.0596202,"children":null}}},"DecideAction":{"count":1401,"self":1.1847474,"total":1.1847474,"children":null},"AcademyStep":{"count":1401,"self":0.0049844,"total":0.0049844,"children":null},"AgentAct":{"count":1401,"self":0.014013399999999999,"total":0.014013399999999999,"children":null}}}